1,phwbi,Male,13
2,cowgk,Male,28
3,zcpbj,Male,48
4,elkra,Female,25
5,neqvl,Female,56
6,jpjov,Male,50
7,dliyu,Male,75
8,ykfqp,Male,64
9,nokmm,Male,65
10,ogpge,Female,29
11,vmztd,Female,1
12,ylrex,Female,44
13,wlkrs,Female,26
14,eotkn,Male,32
15,thqei,Female,19
16,kmjmq,Female,5
17,nvgcl,Female,73
18,qfekw,Female,37
19,mkimh,Male,34
20,fscsn,Female,1
21,lxlce,Male,22
22,cphgr,Male,64
23,jaary,Male,80
24,ktncg,Female,57
25,modjj,Male,57
26,jpdrj,Male,27
27,abwgb,Female,24
28,ygjya,Female,76
29,ahwad,Male,12
30,eollx,Male,38
31,celxd,Male,65
32,ixkjc,Male,18
33,lcokn,Male,22
34,akrmp,Male,40
35,ioctv,Female,73
36,rsyba,Male,13
37,tcmza,Female,4
38,wknvj,Female,56
39,kuxjx,Female,40
40,xtoxn,Female,55
41,tudzb,Male,72
42,sditr,Male,54
43,nkfao,Male,10
44,hxsnt,Female,10
45,dplbm,Female,33
46,nvwal,Male,25
47,oagzd,Female,75
48,dbnka,Female,55
49,vichg,Female,21
50,ibwbo,Female,43
51,dnvlg,Female,59
52,gtida,Male,20
53,wuwyj,Male,22
54,lkgma,Female,41
55,xetcp,Male,5
56,eirxx,Female,18
57,cwtsu,Female,66
58,rsfje,Female,73
59,kdfvz,Female,1
60,yliwm,Male,56
61,vteyz,Male,42
62,kscdr,Male,46
63,gtbwt,Male,12
64,imddn,Male,41
65,suczc,Female,2
66,zavgj,Male,53
67,qljqs,Female,56
68,nvhgv,Female,8
69,swdxi,Male,14
70,fqfcs,Female,36
71,wtpqd,Female,72
72,gvtmq,Female,33
73,mptyo,Male,74
74,pijvg,Male,68
75,spzyn,Female,75
76,hpjkq,Female,61
77,zxsuq,Male,19
78,ahiqf,Male,11
79,kbacj,Male,6
80,qanpm,Male,53
81,rmazw,Male,28
82,xwbvc,Male,38
83,jyely,Male,2
84,kjnee,Male,50
85,dygue,Female,23
86,rkkwy,Male,39
87,llfat,Male,68
88,mqseg,Male,17
89,fscwj,Male,8
90,mkgpj,Female,11
91,gpwzg,Female,76
92,fitdb,Female,47
93,fuihj,Female,78
94,adrce,Male,51
95,xkkye,Male,40
96,pcgbo,Female,33
97,habbl,Male,79
98,pbksj,Female,62
99,kmaqz,Male,59
100,ygsoj,Female,40
